--
-- PostgreSQL database dump
--

-- Dumped from database version 9.1.21
-- Dumped by pg_dump version 9.1.21
-- Started on 2016-08-31 14:04:49

SET statement_timeout = 0;
SET client_encoding = 'UTF8';
SET standard_conforming_strings = on;
SET check_function_bodies = false;
SET client_min_messages = warning;

--
-- TOC entry 8 (class 2615 OID 24577)
-- Name: NOTIFICA; Type: SCHEMA; Schema: -; Owner: postgres
--

CREATE SCHEMA "NOTIFICA";


ALTER SCHEMA "NOTIFICA" OWNER TO postgres;

--
-- TOC entry 1 (class 3079 OID 11639)
-- Name: plpgsql; Type: EXTENSION; Schema: -; Owner: 
--

CREATE EXTENSION IF NOT EXISTS plpgsql WITH SCHEMA pg_catalog;


--
-- TOC entry 1956 (class 0 OID 0)
-- Dependencies: 1
-- Name: EXTENSION plpgsql; Type: COMMENT; Schema: -; Owner: 
--

COMMENT ON EXTENSION plpgsql IS 'PL/pgSQL procedural language';


SET search_path = "NOTIFICA", pg_catalog;

SET default_tablespace = '';

SET default_with_oids = false;

--
-- TOC entry 180 (class 1259 OID 24732)
-- Dependencies: 8
-- Name: CELULA; Type: TABLE; Schema: NOTIFICA; Owner: postgres; Tablespace: 
--

CREATE TABLE "CELULA" (
    id_celula integer NOT NULL,
    id_macrocelula integer NOT NULL,
    no_celula character varying(200) NOT NULL,
    ds_celula character varying(200),
    created_at timestamp without time zone,
    updated_at timestamp without time zone,
    deleted_at timestamp without time zone
);


ALTER TABLE "NOTIFICA"."CELULA" OWNER TO postgres;

--
-- TOC entry 179 (class 1259 OID 24730)
-- Dependencies: 8 180
-- Name: CELULA_id_celula_seq; Type: SEQUENCE; Schema: NOTIFICA; Owner: postgres
--

CREATE SEQUENCE "CELULA_id_celula_seq"
    START WITH 1
    INCREMENT BY 1
    NO MINVALUE
    NO MAXVALUE
    CACHE 1;


ALTER TABLE "NOTIFICA"."CELULA_id_celula_seq" OWNER TO postgres;

--
-- TOC entry 1958 (class 0 OID 0)
-- Dependencies: 179
-- Name: CELULA_id_celula_seq; Type: SEQUENCE OWNED BY; Schema: NOTIFICA; Owner: postgres
--

ALTER SEQUENCE "CELULA_id_celula_seq" OWNED BY "CELULA".id_celula;


--
-- TOC entry 166 (class 1259 OID 24607)
-- Dependencies: 8
-- Name: CONTEXTO; Type: TABLE; Schema: NOTIFICA; Owner: postgres; Tablespace: 
--

CREATE TABLE "CONTEXTO" (
    id_contexto integer NOT NULL,
    no_contexto character varying(200),
    deleted_at time without time zone,
    created_at timestamp without time zone,
    updated_at timestamp without time zone
);


ALTER TABLE "NOTIFICA"."CONTEXTO" OWNER TO postgres;

--
-- TOC entry 165 (class 1259 OID 24605)
-- Dependencies: 8 166
-- Name: CONTEXTO_id_contexto_seq; Type: SEQUENCE; Schema: NOTIFICA; Owner: postgres
--

CREATE SEQUENCE "CONTEXTO_id_contexto_seq"
    START WITH 1
    INCREMENT BY 1
    NO MINVALUE
    NO MAXVALUE
    CACHE 1;


ALTER TABLE "NOTIFICA"."CONTEXTO_id_contexto_seq" OWNER TO postgres;

--
-- TOC entry 1960 (class 0 OID 0)
-- Dependencies: 165
-- Name: CONTEXTO_id_contexto_seq; Type: SEQUENCE OWNED BY; Schema: NOTIFICA; Owner: postgres
--

ALTER SEQUENCE "CONTEXTO_id_contexto_seq" OWNED BY "CONTEXTO".id_contexto;


--
-- TOC entry 164 (class 1259 OID 24595)
-- Dependencies: 8
-- Name: CONTRATOS; Type: TABLE; Schema: NOTIFICA; Owner: postgres; Tablespace: 
--

CREATE TABLE "CONTRATOS" (
    id_contrato integer NOT NULL,
    nu_contrato character varying(12) NOT NULL,
    dt_assinatura date,
    dt_renovacao date,
    id_empresa integer,
    created_at timestamp without time zone,
    updated_at timestamp without time zone,
    deleted_at timestamp without time zone
);


ALTER TABLE "NOTIFICA"."CONTRATOS" OWNER TO postgres;

--
-- TOC entry 163 (class 1259 OID 24593)
-- Dependencies: 164 8
-- Name: CONTRATOS_id_contrato_seq; Type: SEQUENCE; Schema: NOTIFICA; Owner: postgres
--

CREATE SEQUENCE "CONTRATOS_id_contrato_seq"
    START WITH 1
    INCREMENT BY 1
    NO MINVALUE
    NO MAXVALUE
    CACHE 1;


ALTER TABLE "NOTIFICA"."CONTRATOS_id_contrato_seq" OWNER TO postgres;

--
-- TOC entry 1962 (class 0 OID 0)
-- Dependencies: 163
-- Name: CONTRATOS_id_contrato_seq; Type: SEQUENCE OWNED BY; Schema: NOTIFICA; Owner: postgres
--

ALTER SEQUENCE "CONTRATOS_id_contrato_seq" OWNED BY "CONTRATOS".id_contrato;


--
-- TOC entry 174 (class 1259 OID 24684)
-- Dependencies: 8
-- Name: COORDENACOES; Type: TABLE; Schema: NOTIFICA; Owner: postgres; Tablespace: 
--

CREATE TABLE "COORDENACOES" (
    id_coordenacao integer NOT NULL,
    nu_coordenacao character varying(5),
    no_coordenacao character varying(100),
    ds_coordenacao character varying(500),
    ds_email character varying(200),
    created_at timestamp without time zone,
    updated_at timestamp without time zone,
    deleted_at timestamp without time zone
);


ALTER TABLE "NOTIFICA"."COORDENACOES" OWNER TO postgres;

--
-- TOC entry 173 (class 1259 OID 24682)
-- Dependencies: 174 8
-- Name: COORDENACOES_id_coordenacao_seq; Type: SEQUENCE; Schema: NOTIFICA; Owner: postgres
--

CREATE SEQUENCE "COORDENACOES_id_coordenacao_seq"
    START WITH 1
    INCREMENT BY 1
    NO MINVALUE
    NO MAXVALUE
    CACHE 1;


ALTER TABLE "NOTIFICA"."COORDENACOES_id_coordenacao_seq" OWNER TO postgres;

--
-- TOC entry 1964 (class 0 OID 0)
-- Dependencies: 173
-- Name: COORDENACOES_id_coordenacao_seq; Type: SEQUENCE OWNED BY; Schema: NOTIFICA; Owner: postgres
--

ALTER SEQUENCE "COORDENACOES_id_coordenacao_seq" OWNED BY "COORDENACOES".id_coordenacao;


--
-- TOC entry 168 (class 1259 OID 24634)
-- Dependencies: 8
-- Name: EMPRESA; Type: TABLE; Schema: NOTIFICA; Owner: postgres; Tablespace: 
--

CREATE TABLE "EMPRESA" (
    id_empresa integer NOT NULL,
    no_empresa character varying(200) NOT NULL,
    ds_cnpj character varying(100),
    created_at timestamp without time zone,
    updated_at timestamp without time zone,
    deleted_at timestamp without time zone
);


ALTER TABLE "NOTIFICA"."EMPRESA" OWNER TO postgres;

--
-- TOC entry 167 (class 1259 OID 24632)
-- Dependencies: 8 168
-- Name: EMPRESA_id_empresa_seq; Type: SEQUENCE; Schema: NOTIFICA; Owner: postgres
--

CREATE SEQUENCE "EMPRESA_id_empresa_seq"
    START WITH 1
    INCREMENT BY 1
    NO MINVALUE
    NO MAXVALUE
    CACHE 1;


ALTER TABLE "NOTIFICA"."EMPRESA_id_empresa_seq" OWNER TO postgres;

--
-- TOC entry 1966 (class 0 OID 0)
-- Dependencies: 167
-- Name: EMPRESA_id_empresa_seq; Type: SEQUENCE OWNED BY; Schema: NOTIFICA; Owner: postgres
--

ALTER SEQUENCE "EMPRESA_id_empresa_seq" OWNED BY "EMPRESA".id_empresa;


--
-- TOC entry 176 (class 1259 OID 24703)
-- Dependencies: 8
-- Name: GESTOR_COORDENACAO; Type: TABLE; Schema: NOTIFICA; Owner: postgres; Tablespace: 
--

CREATE TABLE "GESTOR_COORDENACAO" (
    id_gestor integer NOT NULL,
    id_coordenacao integer,
    no_gestor character varying(150),
    ma_gestor character varying(10),
    created_at timestamp without time zone,
    updated_at timestamp without time zone,
    deleted_at timestamp without time zone
);


ALTER TABLE "NOTIFICA"."GESTOR_COORDENACAO" OWNER TO postgres;

--
-- TOC entry 175 (class 1259 OID 24701)
-- Dependencies: 8 176
-- Name: GESTOR_COORDENACAO_id_gestor_seq; Type: SEQUENCE; Schema: NOTIFICA; Owner: postgres
--

CREATE SEQUENCE "GESTOR_COORDENACAO_id_gestor_seq"
    START WITH 1
    INCREMENT BY 1
    NO MINVALUE
    NO MAXVALUE
    CACHE 1;


ALTER TABLE "NOTIFICA"."GESTOR_COORDENACAO_id_gestor_seq" OWNER TO postgres;

--
-- TOC entry 1968 (class 0 OID 0)
-- Dependencies: 175
-- Name: GESTOR_COORDENACAO_id_gestor_seq; Type: SEQUENCE OWNED BY; Schema: NOTIFICA; Owner: postgres
--

ALTER SEQUENCE "GESTOR_COORDENACAO_id_gestor_seq" OWNED BY "GESTOR_COORDENACAO".id_gestor;


--
-- TOC entry 170 (class 1259 OID 24647)
-- Dependencies: 8
-- Name: IMPACTO; Type: TABLE; Schema: NOTIFICA; Owner: postgres; Tablespace: 
--

CREATE TABLE "IMPACTO" (
    id_impacto integer NOT NULL,
    no_impacto character varying(100),
    created_at timestamp without time zone,
    updated_at timestamp without time zone,
    deleted_at timestamp without time zone
);


ALTER TABLE "NOTIFICA"."IMPACTO" OWNER TO postgres;

--
-- TOC entry 169 (class 1259 OID 24645)
-- Dependencies: 170 8
-- Name: IMPACTO_id_impacto_seq; Type: SEQUENCE; Schema: NOTIFICA; Owner: postgres
--

CREATE SEQUENCE "IMPACTO_id_impacto_seq"
    START WITH 1
    INCREMENT BY 1
    NO MINVALUE
    NO MAXVALUE
    CACHE 1;


ALTER TABLE "NOTIFICA"."IMPACTO_id_impacto_seq" OWNER TO postgres;

--
-- TOC entry 1970 (class 0 OID 0)
-- Dependencies: 169
-- Name: IMPACTO_id_impacto_seq; Type: SEQUENCE OWNED BY; Schema: NOTIFICA; Owner: postgres
--

ALTER SEQUENCE "IMPACTO_id_impacto_seq" OWNED BY "IMPACTO".id_impacto;


--
-- TOC entry 178 (class 1259 OID 24716)
-- Dependencies: 8
-- Name: MACROCELULA; Type: TABLE; Schema: NOTIFICA; Owner: postgres; Tablespace: 
--

CREATE TABLE "MACROCELULA" (
    id_macrocelula integer NOT NULL,
    id_contrato integer NOT NULL,
    no_macrocelula character varying(200) NOT NULL,
    ds_macrocelula character varying(200),
    created_at timestamp without time zone,
    updated_at timestamp without time zone,
    deleted_at timestamp without time zone
);


ALTER TABLE "NOTIFICA"."MACROCELULA" OWNER TO postgres;

--
-- TOC entry 177 (class 1259 OID 24714)
-- Dependencies: 178 8
-- Name: MACROCELULA_id_macrocelula_seq; Type: SEQUENCE; Schema: NOTIFICA; Owner: postgres
--

CREATE SEQUENCE "MACROCELULA_id_macrocelula_seq"
    START WITH 1
    INCREMENT BY 1
    NO MINVALUE
    NO MAXVALUE
    CACHE 1;


ALTER TABLE "NOTIFICA"."MACROCELULA_id_macrocelula_seq" OWNER TO postgres;

--
-- TOC entry 1972 (class 0 OID 0)
-- Dependencies: 177
-- Name: MACROCELULA_id_macrocelula_seq; Type: SEQUENCE OWNED BY; Schema: NOTIFICA; Owner: postgres
--

ALTER SEQUENCE "MACROCELULA_id_macrocelula_seq" OWNED BY "MACROCELULA".id_macrocelula;


--
-- TOC entry 172 (class 1259 OID 24667)
-- Dependencies: 8
-- Name: PREPOSTO; Type: TABLE; Schema: NOTIFICA; Owner: postgres; Tablespace: 
--

CREATE TABLE "PREPOSTO" (
    id_preposto integer NOT NULL,
    id_contrato integer,
    ma_preposto character varying(8),
    no_preposto character varying(120),
    created_at timestamp without time zone,
    updated_at timestamp without time zone,
    deleted_at timestamp without time zone
);


ALTER TABLE "NOTIFICA"."PREPOSTO" OWNER TO postgres;

--
-- TOC entry 171 (class 1259 OID 24665)
-- Dependencies: 8 172
-- Name: PREPOSTO_id_preposto_seq; Type: SEQUENCE; Schema: NOTIFICA; Owner: postgres
--

CREATE SEQUENCE "PREPOSTO_id_preposto_seq"
    START WITH 1
    INCREMENT BY 1
    NO MINVALUE
    NO MAXVALUE
    CACHE 1;


ALTER TABLE "NOTIFICA"."PREPOSTO_id_preposto_seq" OWNER TO postgres;

--
-- TOC entry 1974 (class 0 OID 0)
-- Dependencies: 171
-- Name: PREPOSTO_id_preposto_seq; Type: SEQUENCE OWNED BY; Schema: NOTIFICA; Owner: postgres
--

ALTER SEQUENCE "PREPOSTO_id_preposto_seq" OWNED BY "PREPOSTO".id_preposto;


--
-- TOC entry 1806 (class 2604 OID 24735)
-- Dependencies: 180 179 180
-- Name: id_celula; Type: DEFAULT; Schema: NOTIFICA; Owner: postgres
--

ALTER TABLE ONLY "CELULA" ALTER COLUMN id_celula SET DEFAULT nextval('"CELULA_id_celula_seq"'::regclass);


--
-- TOC entry 1799 (class 2604 OID 24610)
-- Dependencies: 165 166 166
-- Name: id_contexto; Type: DEFAULT; Schema: NOTIFICA; Owner: postgres
--

ALTER TABLE ONLY "CONTEXTO" ALTER COLUMN id_contexto SET DEFAULT nextval('"CONTEXTO_id_contexto_seq"'::regclass);


--
-- TOC entry 1798 (class 2604 OID 24598)
-- Dependencies: 164 163 164
-- Name: id_contrato; Type: DEFAULT; Schema: NOTIFICA; Owner: postgres
--

ALTER TABLE ONLY "CONTRATOS" ALTER COLUMN id_contrato SET DEFAULT nextval('"CONTRATOS_id_contrato_seq"'::regclass);


--
-- TOC entry 1803 (class 2604 OID 24687)
-- Dependencies: 173 174 174
-- Name: id_coordenacao; Type: DEFAULT; Schema: NOTIFICA; Owner: postgres
--

ALTER TABLE ONLY "COORDENACOES" ALTER COLUMN id_coordenacao SET DEFAULT nextval('"COORDENACOES_id_coordenacao_seq"'::regclass);


--
-- TOC entry 1800 (class 2604 OID 24637)
-- Dependencies: 168 167 168
-- Name: id_empresa; Type: DEFAULT; Schema: NOTIFICA; Owner: postgres
--

ALTER TABLE ONLY "EMPRESA" ALTER COLUMN id_empresa SET DEFAULT nextval('"EMPRESA_id_empresa_seq"'::regclass);


--
-- TOC entry 1804 (class 2604 OID 24706)
-- Dependencies: 175 176 176
-- Name: id_gestor; Type: DEFAULT; Schema: NOTIFICA; Owner: postgres
--

ALTER TABLE ONLY "GESTOR_COORDENACAO" ALTER COLUMN id_gestor SET DEFAULT nextval('"GESTOR_COORDENACAO_id_gestor_seq"'::regclass);


--
-- TOC entry 1801 (class 2604 OID 24650)
-- Dependencies: 170 169 170
-- Name: id_impacto; Type: DEFAULT; Schema: NOTIFICA; Owner: postgres
--

ALTER TABLE ONLY "IMPACTO" ALTER COLUMN id_impacto SET DEFAULT nextval('"IMPACTO_id_impacto_seq"'::regclass);


--
-- TOC entry 1805 (class 2604 OID 24719)
-- Dependencies: 178 177 178
-- Name: id_macrocelula; Type: DEFAULT; Schema: NOTIFICA; Owner: postgres
--

ALTER TABLE ONLY "MACROCELULA" ALTER COLUMN id_macrocelula SET DEFAULT nextval('"MACROCELULA_id_macrocelula_seq"'::regclass);


--
-- TOC entry 1802 (class 2604 OID 24670)
-- Dependencies: 172 171 172
-- Name: id_preposto; Type: DEFAULT; Schema: NOTIFICA; Owner: postgres
--

ALTER TABLE ONLY "PREPOSTO" ALTER COLUMN id_preposto SET DEFAULT nextval('"PREPOSTO_id_preposto_seq"'::regclass);


--
-- TOC entry 1947 (class 0 OID 24732)
-- Dependencies: 180 1948
-- Data for Name: CELULA; Type: TABLE DATA; Schema: NOTIFICA; Owner: postgres
--

COPY "CELULA" (id_celula, id_macrocelula, no_celula, ds_celula, created_at, updated_at, deleted_at) FROM stdin;
1	2	Célula 002	Celula 002	2016-05-10 14:20:19	2016-05-10 14:22:04	2016-05-10 14:22:04
3	3	Célula 03	Célula 03	2016-05-10 14:22:19	2016-05-10 14:22:19	\N
2	2	Nome da celula	Descrição da celula	2016-05-10 14:21:11	2016-05-10 14:30:33	\N
\.


--
-- TOC entry 1975 (class 0 OID 0)
-- Dependencies: 179
-- Name: CELULA_id_celula_seq; Type: SEQUENCE SET; Schema: NOTIFICA; Owner: postgres
--

SELECT pg_catalog.setval('"CELULA_id_celula_seq"', 3, true);


--
-- TOC entry 1933 (class 0 OID 24607)
-- Dependencies: 166 1948
-- Data for Name: CONTEXTO; Type: TABLE DATA; Schema: NOTIFICA; Owner: postgres
--

COPY "CONTEXTO" (id_contexto, no_contexto, deleted_at, created_at, updated_at) FROM stdin;
3	Gestão de Problemas	\N	\N	\N
2	Gestão de Mudanças	\N	\N	\N
1	Gestão de Incidentes	\N	\N	2016-04-28 19:04:21
5	Gestão de Serviços Rotineiros	20:23:38	\N	2016-05-05 20:23:38
4	Gestão de Serviços	\N	\N	2016-05-05 20:28:01
7	asdasf	20:28:23	2016-05-05 20:28:12	2016-05-05 20:28:23
6	texte001	20:28:26	2016-05-05 20:28:08	2016-05-05 20:28:26
\.


--
-- TOC entry 1976 (class 0 OID 0)
-- Dependencies: 165
-- Name: CONTEXTO_id_contexto_seq; Type: SEQUENCE SET; Schema: NOTIFICA; Owner: postgres
--

SELECT pg_catalog.setval('"CONTEXTO_id_contexto_seq"', 7, true);


--
-- TOC entry 1931 (class 0 OID 24595)
-- Dependencies: 164 1948
-- Data for Name: CONTRATOS; Type: TABLE DATA; Schema: NOTIFICA; Owner: postgres
--

COPY "CONTRATOS" (id_contrato, nu_contrato, dt_assinatura, dt_renovacao, id_empresa, created_at, updated_at, deleted_at) FROM stdin;
10	88888/8888	2015-12-12	2015-12-12	1	2016-04-29 16:46:41	2016-04-29 17:32:59	2016-04-29 17:32:59
9	88888/8888	2016-12-12	2016-12-12	1	2016-04-29 16:45:10	2016-04-29 17:35:08	2016-04-29 17:35:08
2	12121/2016	2016-01-01	2016-01-01	1	2016-04-29 16:37:52	2016-04-29 17:36:08	2016-04-29 17:36:08
8	66666/6666	2016-12-12	2016-12-12	1	2016-04-29 16:44:47	2016-04-29 17:36:13	2016-04-29 17:36:13
7	55555/5555	2015-12-12	2015-12-12	1	2016-04-29 16:44:29	2016-04-29 17:36:22	2016-04-29 17:36:22
5	33333/3333	2015-01-01	2015-01-01	1	2016-04-29 16:42:00	2016-04-29 17:36:31	2016-04-29 17:36:31
6	12121/2015	2015-11-11	2015-11-11	1	2016-04-29 16:43:13	2016-04-29 17:39:41	2016-04-29 17:39:41
3	11111/1111	1111-11-11	1111-11-11	1	2016-04-29 16:39:24	2016-04-29 17:45:25	2016-04-29 17:45:25
4	22222/2222	2222-01-22	2222-01-22	1	2016-04-29 16:41:35	2016-04-29 17:47:47	2016-04-29 17:47:47
11	01245/2016	2016-01-01	\N	1	2016-05-03 15:13:47	2016-05-03 15:13:47	\N
1	12247/2015	2015-09-22	\N	1	\N	2016-05-03 15:13:54	2016-05-03 15:13:54
12	10215/2016	2016-01-01	2017-10-20	1	2016-05-03 15:14:12	2016-05-03 15:14:23	\N
13	22222/2016	2016-05-01	\N	6	2016-05-05 21:53:56	2016-05-05 21:53:56	\N
\.


--
-- TOC entry 1977 (class 0 OID 0)
-- Dependencies: 163
-- Name: CONTRATOS_id_contrato_seq; Type: SEQUENCE SET; Schema: NOTIFICA; Owner: postgres
--

SELECT pg_catalog.setval('"CONTRATOS_id_contrato_seq"', 13, true);


--
-- TOC entry 1941 (class 0 OID 24684)
-- Dependencies: 174 1948
-- Data for Name: COORDENACOES; Type: TABLE DATA; Schema: NOTIFICA; Owner: postgres
--

COPY "COORDENACOES" (id_coordenacao, nu_coordenacao, no_coordenacao, ds_coordenacao, ds_email, created_at, updated_at, deleted_at) FROM stdin;
1	01	CEPTIBR01	Coordenação de Pessoas e Instalações		2016-05-06 14:53:08	2016-05-06 14:53:08	\N
2	05	CEPTIBR05	Coordenação de Segurança e Continuidade		2016-05-09 12:30:39	2016-05-09 12:30:39	\N
3	06	CEPTIBR06	Coordenação de Qualidade de Serviços de TI		2016-05-09 12:31:09	2016-05-09 12:31:09	\N
4	08	CEPTIBR08	Coordenação de Incidentes e Monitoração		2016-05-09 12:32:15	2016-05-09 12:32:15	\N
5	09	CEPTIBR09	CEPTIBR09 - Gerência de Centralizadora	\N	\N	\N	\N
6	20	CEPTIBR20	CEPTIBR20 - Coordenação de Suporte Plataforma Intermediária	\N	\N	\N	\N
7	21	CEPTIBR21	CEPTIBR21 - Coordenação de Suporte Plataforma Baixa	\N	\N	\N	\N
8	23	CEPTIBR23	CEPTIBR23 - Coordenação de Suporte Plataforma Alta	\N	\N	\N	\N
9	31	CEPTIBR31	CEPTIBR31 - Coordenação de Bases de Dados	\N	\N	\N	\N
10	32	CEPTIBR32	CEPTIBR32 - Planejamento e Controle da Produção - Batch	\N	\N	\N	\N
11	33	CEPTIBR33	CEPTIBR33 - Coordenação de Armazenamento	\N	\N	\N	\N
12	34	CEPTIBR34	CEPTIBR34 - Planejamento e Controle da Produção - Online	\N	\N	\N	\N
13	35	CEPTIBR35	CEPTIBR35 - Planejamento e Controle de Produção de Cartões	\N	\N	\N	\N
14	36	CEPTIBR36	CEPTIBR36 - Coordenação de Capacidade - Desempenho e Arquitetura de Serviço	\N	\N	\N	\N
15	40	CEPTIBR40	CEPTIBR40 - Coordenação de Integração e Projetos	\N	\N	\N	\N
16	49	CEPTIBR49	CEPTIBR49 - Coordenação de Mudanças e Configuração	\N	\N	\N	\N
17	91	CEPTIBR91	CEPTIBR91 - Coordenação de Operação Noturna	\N	\N	\N	\N
\.


--
-- TOC entry 1978 (class 0 OID 0)
-- Dependencies: 173
-- Name: COORDENACOES_id_coordenacao_seq; Type: SEQUENCE SET; Schema: NOTIFICA; Owner: postgres
--

SELECT pg_catalog.setval('"COORDENACOES_id_coordenacao_seq"', 17, true);


--
-- TOC entry 1935 (class 0 OID 24634)
-- Dependencies: 168 1948
-- Data for Name: EMPRESA; Type: TABLE DATA; Schema: NOTIFICA; Owner: postgres
--

COPY "EMPRESA" (id_empresa, no_empresa, ds_cnpj, created_at, updated_at, deleted_at) FROM stdin;
1	HITSS DO BRASIL SERVIÇOS TECNOLÓGICOS	11.168.199/0001-88	\N	\N	\N
3	Empresa do Allan	11.111.111/1111-11	2016-05-03 15:39:31	2016-05-03 15:42:06	2016-05-03 15:42:06
4	Empresa número 2	22.222.222/2222-22	2016-05-03 15:42:16	2016-05-03 15:42:23	2016-05-03 15:42:23
2	Empresa do Allan	11.111.111/1111-11	2016-05-03 15:39:14	2016-05-03 15:42:56	2016-05-03 15:42:56
5	Empresa do Allannnn	22.222.222/2222-22	2016-05-03 15:43:05	2016-05-05 19:09:38	\N
6	Empresa do Paulo	22.222.222/2222-22	2016-05-05 21:53:30	2016-05-05 21:53:30	\N
\.


--
-- TOC entry 1979 (class 0 OID 0)
-- Dependencies: 167
-- Name: EMPRESA_id_empresa_seq; Type: SEQUENCE SET; Schema: NOTIFICA; Owner: postgres
--

SELECT pg_catalog.setval('"EMPRESA_id_empresa_seq"', 6, true);


--
-- TOC entry 1943 (class 0 OID 24703)
-- Dependencies: 176 1948
-- Data for Name: GESTOR_COORDENACAO; Type: TABLE DATA; Schema: NOTIFICA; Owner: postgres
--

COPY "GESTOR_COORDENACAO" (id_gestor, id_coordenacao, no_gestor, ma_gestor, created_at, updated_at, deleted_at) FROM stdin;
1	1	Allan Torres da Silva	c141934	2016-05-09 12:28:59	2016-05-09 13:10:53	\N
2	3	AAA BBBBBB CCCCC	c141111	2016-05-09 13:11:15	2016-05-09 13:13:44	2016-05-09 13:13:44
\.


--
-- TOC entry 1980 (class 0 OID 0)
-- Dependencies: 175
-- Name: GESTOR_COORDENACAO_id_gestor_seq; Type: SEQUENCE SET; Schema: NOTIFICA; Owner: postgres
--

SELECT pg_catalog.setval('"GESTOR_COORDENACAO_id_gestor_seq"', 2, true);


--
-- TOC entry 1937 (class 0 OID 24647)
-- Dependencies: 170 1948
-- Data for Name: IMPACTO; Type: TABLE DATA; Schema: NOTIFICA; Owner: postgres
--

COPY "IMPACTO" (id_impacto, no_impacto, created_at, updated_at, deleted_at) FROM stdin;
1	Baixo	2016-05-05 20:44:24	2016-05-05 20:44:24	\N
2	Médio	2016-05-05 20:45:29	2016-05-05 20:57:12	\N
3	asdfsdfsasdsf sdf fsdf 	2016-05-05 21:00:13	2016-05-05 21:00:23	2016-05-05 21:00:23
\.


--
-- TOC entry 1981 (class 0 OID 0)
-- Dependencies: 169
-- Name: IMPACTO_id_impacto_seq; Type: SEQUENCE SET; Schema: NOTIFICA; Owner: postgres
--

SELECT pg_catalog.setval('"IMPACTO_id_impacto_seq"', 3, true);


--
-- TOC entry 1945 (class 0 OID 24716)
-- Dependencies: 178 1948
-- Data for Name: MACROCELULA; Type: TABLE DATA; Schema: NOTIFICA; Owner: postgres
--

COPY "MACROCELULA" (id_macrocelula, id_contrato, no_macrocelula, ds_macrocelula, created_at, updated_at, deleted_at) FROM stdin;
1	12	macrocélula 001	Macrocélula destinada ao lkkllksd	2016-05-09 15:03:12	2016-05-09 15:03:31	2016-05-09 15:03:31
2	12	Macrocélula 002	Macrocelula 002 noturna	2016-05-09 15:04:09	2016-05-09 15:14:11	\N
3	13	Macrocélula 03	macrocélula 03 noturna	2016-05-09 15:14:33	2016-05-09 15:14:33	\N
\.


--
-- TOC entry 1982 (class 0 OID 0)
-- Dependencies: 177
-- Name: MACROCELULA_id_macrocelula_seq; Type: SEQUENCE SET; Schema: NOTIFICA; Owner: postgres
--

SELECT pg_catalog.setval('"MACROCELULA_id_macrocelula_seq"', 3, true);


--
-- TOC entry 1939 (class 0 OID 24667)
-- Dependencies: 172 1948
-- Data for Name: PREPOSTO; Type: TABLE DATA; Schema: NOTIFICA; Owner: postgres
--

COPY "PREPOSTO" (id_preposto, id_contrato, ma_preposto, no_preposto, created_at, updated_at, deleted_at) FROM stdin;
2	12	c141934	Allan Torres da Silva	2016-05-05 21:43:22	2016-05-05 21:43:31	2016-05-05 21:43:31
3	12	c141934	Allan Torres da Silva	2016-05-05 21:44:12	2016-05-05 21:50:18	\N
4	13	p1111111	Paulo Eu	2016-05-05 21:54:31	2016-05-05 21:58:14	2016-05-05 21:58:14
5	12	f1001200	Nome da pessoa	2016-05-11 11:06:03	2016-05-11 11:06:03	\N
\.


--
-- TOC entry 1983 (class 0 OID 0)
-- Dependencies: 171
-- Name: PREPOSTO_id_preposto_seq; Type: SEQUENCE SET; Schema: NOTIFICA; Owner: postgres
--

SELECT pg_catalog.setval('"PREPOSTO_id_preposto_seq"', 5, true);


--
-- TOC entry 1824 (class 2606 OID 24737)
-- Dependencies: 180 180 1949
-- Name: pk_celula; Type: CONSTRAINT; Schema: NOTIFICA; Owner: postgres; Tablespace: 
--

ALTER TABLE ONLY "CELULA"
    ADD CONSTRAINT pk_celula PRIMARY KEY (id_celula);


--
-- TOC entry 1810 (class 2606 OID 24612)
-- Dependencies: 166 166 1949
-- Name: pk_contexto; Type: CONSTRAINT; Schema: NOTIFICA; Owner: postgres; Tablespace: 
--

ALTER TABLE ONLY "CONTEXTO"
    ADD CONSTRAINT pk_contexto PRIMARY KEY (id_contexto);


--
-- TOC entry 1808 (class 2606 OID 24603)
-- Dependencies: 164 164 1949
-- Name: pk_contratos; Type: CONSTRAINT; Schema: NOTIFICA; Owner: postgres; Tablespace: 
--

ALTER TABLE ONLY "CONTRATOS"
    ADD CONSTRAINT pk_contratos PRIMARY KEY (id_contrato);


--
-- TOC entry 1818 (class 2606 OID 24692)
-- Dependencies: 174 174 1949
-- Name: pk_coordenacoes; Type: CONSTRAINT; Schema: NOTIFICA; Owner: postgres; Tablespace: 
--

ALTER TABLE ONLY "COORDENACOES"
    ADD CONSTRAINT pk_coordenacoes PRIMARY KEY (id_coordenacao);


--
-- TOC entry 1812 (class 2606 OID 24639)
-- Dependencies: 168 168 1949
-- Name: pk_empresa; Type: CONSTRAINT; Schema: NOTIFICA; Owner: postgres; Tablespace: 
--

ALTER TABLE ONLY "EMPRESA"
    ADD CONSTRAINT pk_empresa PRIMARY KEY (id_empresa);


--
-- TOC entry 1820 (class 2606 OID 24708)
-- Dependencies: 176 176 1949
-- Name: pk_gestor_coordenacao; Type: CONSTRAINT; Schema: NOTIFICA; Owner: postgres; Tablespace: 
--

ALTER TABLE ONLY "GESTOR_COORDENACAO"
    ADD CONSTRAINT pk_gestor_coordenacao PRIMARY KEY (id_gestor);


--
-- TOC entry 1814 (class 2606 OID 24652)
-- Dependencies: 170 170 1949
-- Name: pk_impacto; Type: CONSTRAINT; Schema: NOTIFICA; Owner: postgres; Tablespace: 
--

ALTER TABLE ONLY "IMPACTO"
    ADD CONSTRAINT pk_impacto PRIMARY KEY (id_impacto);


--
-- TOC entry 1822 (class 2606 OID 24721)
-- Dependencies: 178 178 1949
-- Name: pk_macrocelula; Type: CONSTRAINT; Schema: NOTIFICA; Owner: postgres; Tablespace: 
--

ALTER TABLE ONLY "MACROCELULA"
    ADD CONSTRAINT pk_macrocelula PRIMARY KEY (id_macrocelula);


--
-- TOC entry 1816 (class 2606 OID 24672)
-- Dependencies: 172 172 1949
-- Name: pk_preposto; Type: CONSTRAINT; Schema: NOTIFICA; Owner: postgres; Tablespace: 
--

ALTER TABLE ONLY "PREPOSTO"
    ADD CONSTRAINT pk_preposto PRIMARY KEY (id_preposto);


--
-- TOC entry 1828 (class 2606 OID 24738)
-- Dependencies: 178 1821 180 1949
-- Name: fk_celula_celula_ma_macrocel; Type: FK CONSTRAINT; Schema: NOTIFICA; Owner: postgres
--

ALTER TABLE ONLY "CELULA"
    ADD CONSTRAINT fk_celula_celula_ma_macrocel FOREIGN KEY (id_macrocelula) REFERENCES "MACROCELULA"(id_macrocelula) ON UPDATE RESTRICT ON DELETE RESTRICT;


--
-- TOC entry 1826 (class 2606 OID 24709)
-- Dependencies: 176 174 1817 1949
-- Name: fk_gestor_c_fk_gestor_coordena; Type: FK CONSTRAINT; Schema: NOTIFICA; Owner: postgres
--

ALTER TABLE ONLY "GESTOR_COORDENACAO"
    ADD CONSTRAINT fk_gestor_c_fk_gestor_coordena FOREIGN KEY (id_coordenacao) REFERENCES "COORDENACOES"(id_coordenacao) ON UPDATE RESTRICT ON DELETE RESTRICT;


--
-- TOC entry 1827 (class 2606 OID 24722)
-- Dependencies: 1807 178 164 1949
-- Name: fk_macrocel_contratos_contrato; Type: FK CONSTRAINT; Schema: NOTIFICA; Owner: postgres
--

ALTER TABLE ONLY "MACROCELULA"
    ADD CONSTRAINT fk_macrocel_contratos_contrato FOREIGN KEY (id_contrato) REFERENCES "CONTRATOS"(id_contrato) ON UPDATE RESTRICT ON DELETE RESTRICT;


--
-- TOC entry 1825 (class 2606 OID 24673)
-- Dependencies: 172 1807 164 1949
-- Name: fk_preposto_contrato; Type: FK CONSTRAINT; Schema: NOTIFICA; Owner: postgres
--

ALTER TABLE ONLY "PREPOSTO"
    ADD CONSTRAINT fk_preposto_contrato FOREIGN KEY (id_contrato) REFERENCES "CONTRATOS"(id_contrato) ON UPDATE RESTRICT ON DELETE RESTRICT;


--
-- TOC entry 1953 (class 0 OID 0)
-- Dependencies: 8
-- Name: NOTIFICA; Type: ACL; Schema: -; Owner: postgres
--

REVOKE ALL ON SCHEMA "NOTIFICA" FROM PUBLIC;
REVOKE ALL ON SCHEMA "NOTIFICA" FROM postgres;
GRANT ALL ON SCHEMA "NOTIFICA" TO postgres;
GRANT ALL ON SCHEMA "NOTIFICA" TO PUBLIC;


--
-- TOC entry 1955 (class 0 OID 0)
-- Dependencies: 6
-- Name: public; Type: ACL; Schema: -; Owner: postgres
--

REVOKE ALL ON SCHEMA public FROM PUBLIC;
REVOKE ALL ON SCHEMA public FROM postgres;
GRANT ALL ON SCHEMA public TO postgres;
GRANT ALL ON SCHEMA public TO PUBLIC;


--
-- TOC entry 1957 (class 0 OID 0)
-- Dependencies: 180
-- Name: CELULA; Type: ACL; Schema: NOTIFICA; Owner: postgres
--

REVOKE ALL ON TABLE "CELULA" FROM PUBLIC;
REVOKE ALL ON TABLE "CELULA" FROM postgres;
GRANT ALL ON TABLE "CELULA" TO postgres;
GRANT ALL ON TABLE "CELULA" TO PUBLIC;


--
-- TOC entry 1959 (class 0 OID 0)
-- Dependencies: 166
-- Name: CONTEXTO; Type: ACL; Schema: NOTIFICA; Owner: postgres
--

REVOKE ALL ON TABLE "CONTEXTO" FROM PUBLIC;
REVOKE ALL ON TABLE "CONTEXTO" FROM postgres;
GRANT ALL ON TABLE "CONTEXTO" TO postgres;
GRANT ALL ON TABLE "CONTEXTO" TO PUBLIC;


--
-- TOC entry 1961 (class 0 OID 0)
-- Dependencies: 164
-- Name: CONTRATOS; Type: ACL; Schema: NOTIFICA; Owner: postgres
--

REVOKE ALL ON TABLE "CONTRATOS" FROM PUBLIC;
REVOKE ALL ON TABLE "CONTRATOS" FROM postgres;
GRANT ALL ON TABLE "CONTRATOS" TO postgres;
GRANT ALL ON TABLE "CONTRATOS" TO PUBLIC;


--
-- TOC entry 1963 (class 0 OID 0)
-- Dependencies: 174
-- Name: COORDENACOES; Type: ACL; Schema: NOTIFICA; Owner: postgres
--

REVOKE ALL ON TABLE "COORDENACOES" FROM PUBLIC;
REVOKE ALL ON TABLE "COORDENACOES" FROM postgres;
GRANT ALL ON TABLE "COORDENACOES" TO postgres;
GRANT ALL ON TABLE "COORDENACOES" TO PUBLIC;


--
-- TOC entry 1965 (class 0 OID 0)
-- Dependencies: 168
-- Name: EMPRESA; Type: ACL; Schema: NOTIFICA; Owner: postgres
--

REVOKE ALL ON TABLE "EMPRESA" FROM PUBLIC;
REVOKE ALL ON TABLE "EMPRESA" FROM postgres;
GRANT ALL ON TABLE "EMPRESA" TO postgres;
GRANT ALL ON TABLE "EMPRESA" TO PUBLIC;


--
-- TOC entry 1967 (class 0 OID 0)
-- Dependencies: 176
-- Name: GESTOR_COORDENACAO; Type: ACL; Schema: NOTIFICA; Owner: postgres
--

REVOKE ALL ON TABLE "GESTOR_COORDENACAO" FROM PUBLIC;
REVOKE ALL ON TABLE "GESTOR_COORDENACAO" FROM postgres;
GRANT ALL ON TABLE "GESTOR_COORDENACAO" TO postgres;
GRANT ALL ON TABLE "GESTOR_COORDENACAO" TO PUBLIC;


--
-- TOC entry 1969 (class 0 OID 0)
-- Dependencies: 170
-- Name: IMPACTO; Type: ACL; Schema: NOTIFICA; Owner: postgres
--

REVOKE ALL ON TABLE "IMPACTO" FROM PUBLIC;
REVOKE ALL ON TABLE "IMPACTO" FROM postgres;
GRANT ALL ON TABLE "IMPACTO" TO postgres;
GRANT ALL ON TABLE "IMPACTO" TO PUBLIC;


--
-- TOC entry 1971 (class 0 OID 0)
-- Dependencies: 178
-- Name: MACROCELULA; Type: ACL; Schema: NOTIFICA; Owner: postgres
--

REVOKE ALL ON TABLE "MACROCELULA" FROM PUBLIC;
REVOKE ALL ON TABLE "MACROCELULA" FROM postgres;
GRANT ALL ON TABLE "MACROCELULA" TO postgres;
GRANT ALL ON TABLE "MACROCELULA" TO PUBLIC;


--
-- TOC entry 1973 (class 0 OID 0)
-- Dependencies: 172
-- Name: PREPOSTO; Type: ACL; Schema: NOTIFICA; Owner: postgres
--

REVOKE ALL ON TABLE "PREPOSTO" FROM PUBLIC;
REVOKE ALL ON TABLE "PREPOSTO" FROM postgres;
GRANT ALL ON TABLE "PREPOSTO" TO postgres;
GRANT ALL ON TABLE "PREPOSTO" TO PUBLIC;


--
-- TOC entry 1466 (class 826 OID 24589)
-- Dependencies: 8 1949
-- Name: DEFAULT PRIVILEGES FOR TABLES; Type: DEFAULT ACL; Schema: NOTIFICA; Owner: postgres
--

ALTER DEFAULT PRIVILEGES FOR ROLE postgres IN SCHEMA "NOTIFICA" REVOKE ALL ON TABLES  FROM PUBLIC;
ALTER DEFAULT PRIVILEGES FOR ROLE postgres IN SCHEMA "NOTIFICA" REVOKE ALL ON TABLES  FROM postgres;
ALTER DEFAULT PRIVILEGES FOR ROLE postgres IN SCHEMA "NOTIFICA" GRANT ALL ON TABLES  TO PUBLIC;


-- Completed on 2016-08-31 14:04:50

--
-- PostgreSQL database dump complete
--

